ISO	GDP.2011	pop.2010	Country.name	NOC	F.2012	M.2012	NOC SIZE	NOC.Size.Per.100K.pop	Gold	Silver	Bronze	Total	Bronze.Per.100K.pop	Silver.Per.100K.pop	Gold.Per.100K.pop	Total.Per.100K.pop	Bronze.Per.1BN.GDP	Silver.Per.1BN.GDP	Gold.Per.1BN.GDP	Total.Per.1BN.GDP	Bronze.Per.Athlete	Silver.Per.Athlete	Gold.Per.Athlete	Total.Per.Athlete	Bronze.pop	Silver.pop	Gold.pop	Total.pop	Bronze.GDP	Silver.GDP	Gold.GDP	Total.GDP	Bronze.Athlete	Silver.Athlete	Gold.Athlete	Total.Athlete	GDP rank score	Population rank score	Athlete rank score	Official medal ranking	GDP rank	Pop rank	Team size rank		Total medal score (gold=3, silver =2, bronze=1)
AFG	20343461030	34385000	Afghanistan	AFG	1	5	6	0.01744946924531	0	0	0	0	0	0	0	0	0	0	0	0	0	0	0	0	0	0	0	0	0	0	0	0	0	0	0	0	0	0	0	71	71	70	71		0
ALB	12959563902	3205000	Albania	ALB	4	7	11	0.343213728549142	0	0	0	0	0	0	0	0	0	0	0	0	0	0	0	0	0	0	0	0	0	0	0	0	0	0	0	0	0	0	0	71	71	70	71		0
DZA	188681000000	35468000	Algeria	ALG	18	21	39	0.109958272245404	0	0	0	0	0	0	0	0	0	0	0	0	0	0	0	0	0	0	0	0	0	0	0	0	0	0	0	0	0	0	0	71	71	70	71		0
ASM	537000000	68420	American Samoa	ASA	1	4	5	7.30780473545747	0	0	0	0	0	0	0	0	0	0	0	0	0	0	0	0	0	0	0	0	0	0	0	0	0	0	0	0	0	0	0	71	71	70	71		0
AND	3491000000	84864	Andorra	AND	2	4	6	7.07013574660634	0	0	0	0	0	0	0	0	0	0	0	0	0	0	0	0	0	0	0	0	0	0	0	0	0	0	0	0	0	0	0	71	71	70	71		0
AGO	100990000000	19082000	Angola	ANG	30	5	35	0.183418928833456	0	0	0	0	0	0	0	0	0	0	0	0	0	0	0	0	0	0	0	0	0	0	0	0	0	0	0	0	0	0	0	71	71	70	71		0
ATG	1128708617	88000	Antigua and Barbuda	ANT	2	3	5	5.68181818181818	0	0	0	0	0	0	0	0	0	0	0	0	0	0	0	0	0	0	0	0	0	0	0	0	0	0	0	0	0	0	0	71	71	70	71		0
ARG	445989000000	40412000	Argentina	ARG	43	99	142	0.351380777986737	0	0	1	1	0.002474512521033	0	0	0.002474512521033	0.002242207767456	0	0	0.002242207767456	0.007042253521127	0	0	0.007042253521127	0.4	0	0	0.4	0.35	0	0	0.35	0.89	0	0	0.89	0.35	0.4	0.89	61	68	67	70		1
ARM	10247788877	3092000	Armenia	ARM	4	21	25	0.808538163001294	0	1	1	1	0.032341526520052	0.032341526520052	0	0.032341526520052	0.09758202593775	0.09758202593775	0	0.09758202593775	0.04	0.04	0	0.04	5.6	6.5	0	12.1	15.31	19.86	0	35.17	5.03	6	0	11.03	55.03	18.6	17.03	45	4	16	24		3
ABW	2456000000	108000	Aruba	ARU	1	3	4	3.7037037037037	0	0	0	0	0	0	0	0	0	0	0	0	0	0	0	0	0	0	0	0	0	0	0	0	0	0	0	0	0	0	0	71	71	70	71		0
AUS	1371760000000	22299000	Australia	AUS	188	225	413	1.85210099107583	2	12	8	22	0.035876048253285	0.053814072379927	0.008969012063321	0.098659132696534	0.005831923951712	0.008747885927568	0.001457980987928	0.016037790867207	0.019370460048426	0.029055690072639	0.004842615012107	0.053268765133172	6.2	10.8	1	18	0.92	1.78	0.13	2.83	2.44	4.36	0.84	7.64	4.87	30.8	13.68	9	33	7	33		38
AUT	418484000000	8390000	Austria	AUT	31	39	70	0.834326579261025	0	0	0	0	0	0	0	0	0	0	0	0	0	0	0	0	0	0	0	0	0	0	0	0	0	0	0	0	0	0	0	71	71	70	71		0
AZE	63403650746	9054000	Azerbaijan	AZE	14	39	53	0.585376629114204	0	1	2	3	0.022089684117517	0.011044842058759	0	0.033134526176276	0.031543924939152	0.015771962469576	0	0.047315887408727	0.037735849056604	0.018867924528302	0	0.056603773584906	3.8	2.2	0	6	4.95	3.21	0	8.16	4.75	2.83	0	7.58	11.37	8.2	10.41	40	23	35	44		4
BHS	7787514000	343000	Bahamas	BAH	11	15	26	7.5801749271137	0	0	0	0	0	0	0	0	0	0	0	0	0	0	0	0	0	0	0	0	0	0	0	0	0	0	0	0	0	0	0	71	71	70	71		0
BHR	22945000000	1262000	Bahrain	BRN	8	4	12	0.950871632329636	0	0	0	0	0	0	0	0	0	0	0	0	0	0	0	0	0	0	0	0	0	0	0	0	0	0	0	0	0	0	0	71	71	70	71		0
BGD	110612000000	148692000	Bangladesh	BAN	1	4	5	0.003362655690958	0	0	0	0	0	0	0	0	0	0	0	0	0	0	0	0	0	0	0	0	0	0	0	0	0	0	0	0	0	0	0	71	71	70	71		0
BRB	3685000000	274000	Barbados	BAR	0	6	6	2.18978102189781	0	0	0	0	0	0	0	0	0	0	0	0	0	0	0	0	0	0	0	0	0	0	0	0	0	0	0	0	0	0	0	71	71	70	71		0
BLR	55136144037	9490000	Belarus	BLR	77	95	172	1.81243414120126	3	2	3	8	0.031612223393045	0.021074815595364	0.031612223393045	0.084299262381454	0.054410769058982	0.036273846039322	0.054410769058982	0.145095384157287	0.017441860465116	0.011627906976744	0.017441860465116	0.046511627906977	5.5	4.2	3.4	13.1	8.54	7.38	4.83	20.75	2.2	1.75	3.04	6.99	37.79	24.1	14.82	15	8	9	29		16
BEL	511533000000	10896000	Belgium	BEL	44	74	118	1.08296622613803	0	1	2	3	0.018355359765051	0.009177679882526	0	0.027533039647577	0.003909816179992	0.001954908089996	0	0.005864724269988	0.016949152542373	0.008474576271186	0	0.025423728813559	3.2	1.8	0	5	0.61	0.4	0	1.01	2.13	1.27	0	3.4	1.41	6.8	4.67	40	49	39	62		4
BLZ	1474000000	345000	Belize	BIZ	1	2	3	0.869565217391304	0	0	0	0	0	0	0	0	0	0	0	0	0	0	0	0	0	0	0	0	0	0	0	0	0	0	0	0	0	0	0	71	71	70	71		0
BEN	7294865847	8850000	Benin	BEN	1	4	5	0.056497175141243	0	0	0	0	0	0	0	0	0	0	0	0	0	0	0	0	0	0	0	0	0	0	0	0	0	0	0	0	0	0	0	71	71	70	71		0
BMU	6015000000	64600	Bermuda	BER	3	5	8	12.3839009287926	0	0	0	0	0	0	0	0	0	0	0	0	0	0	0	0	0	0	0	0	0	0	0	0	0	0	0	0	0	0	0	71	71	70	71		0
BTN	1688939892	726000	Bhutan	BHU	2	0	2	0.275482093663912	0	0	0	0	0	0	0	0	0	0	0	0	0	0	0	0	0	0	0	0	0	0	0	0	0	0	0	0	0	0	0	71	71	70	71		0
BOL	24426829466	9929000	Bolivia	BOL	2	3	5	0.050357538523517	0	0	0	0	0	0	0	0	0	0	0	0	0	0	0	0	0	0	0	0	0	0	0	0	0	0	0	0	0	0	0	71	71	70	71		0
BIH	18088238053	3760000	Bosnia and Herzegovina	BIH	2	4	6	0.159574468085106	0	0	0	0	0	0	0	0	0	0	0	0	0	0	0	0	0	0	0	0	0	0	0	0	0	0	0	0	0	0	0	71	71	70	71		0
BWA	17627441191	2007000	Botswana	BOT	1	3	4	0.199302441454908	0	0	0	0	0	0	0	0	0	0	0	0	0	0	0	0	0	0	0	0	0	0	0	0	0	0	0	0	0	0	0	71	71	70	71		0
BRA	2476650000000	194946000	Brazil	BRA	128	138	266	0.136448042021893	2	1	5	8	0.00256481281996	0.000512962563992	0.001025925127984	0.004103700511937	0.002018856116125	0.000403771223225	0.00080754244645	0.003230169785799	0.018796992481203	0.003759398496241	0.007518796992481	0.030075187969925	0.4	0.1	0.1	0.6	0.32	0.08	0.07	0.47	2.37	0.56	1.31	4.24	0.69	0.9	7.42	21	61	63	53		13
VGB	909000000	88000	British Virgin Islands	IVB	1	1	2	2.27272727272727	0	0	0	0	0	0	0	0	0	0	0	0	0	0	0	0	0	0	0	0	0	0	0	0	0	0	0	0	0	0	0	71	71	70	71		0
BRN	13024000000	399000	Brunei	BRU	1	2	3	0.75187969924812	0	0	0	0	0	0	0	0	0	0	0	0	0	0	0	0	0	0	0	0	0	0	0	0	0	0	0	0	0	0	0	71	71	70	71		0
BGR	53514098360	7534000	Bulgaria	BUL	26	37	63	0.836209185027874	0	0	0	0	0	0	0	0	0	0	0	0	0	0	0	0	0	0	0	0	0	0	0	0	0	0	0	0	0	0	0	71	71	70	71		0
BFA	10187211704	16468000	Burkina Faso	BUR	3	2	5	0.03036191401506	0	0	0	0	0	0	0	0	0	0	0	0	0	0	0	0	0	0	0	0	0	0	0	0	0	0	0	0	0	0	0	71	71	70	71		0
MMR	50200000000	47963000	Burma	MYA	3	3	6	0.012509642849697	0	0	0	0	0	0	0	0	0	0	0	0	0	0	0	0	0	0	0	0	0	0	0	0	0	0	0	0	0	0	0	71	71	70	71		0
BDI	2325972144	8382000	Burundi	BDI	4	2	6	0.071581961345741	0	0	0	0	0	0	0	0	0	0	0	0	0	0	0	0	0	0	0	0	0	0	0	0	0	0	0	0	0	0	0	71	71	70	71		0
KHM	12875310959	14139000	Cambodia	CAM	3	3	6	0.042435815828559	0	0	0	0	0	0	0	0	0	0	0	0	0	0	0	0	0	0	0	0	0	0	0	0	0	0	0	0	0	0	0	71	71	70	71		0
CMR	25464850391	19599000	Cameroon	CMR	27	10	37	0.188785142099087	0	0	0	0	0	0	0	0	0	0	0	0	0	0	0	0	0	0	0	0	0	0	0	0	0	0	0	0	0	0	0	71	71	70	71		0
CAN	1736050000000	34126000	Canada	CAN	158	121	279	0.817558459825353	1	3	6	10	0.017581902361836	0.008790951180918	0.002930317060306	0.029303170603059	0.003456121655482	0.001728060827741	0.000576020275914	0.005760202759137	0.021505376344086	0.010752688172043	0.003584229390681	0.03584229390681	3.1	1.8	0.3	5.2	0.54	0.35	0.05	0.94	2.71	1.61	0.63	4.95	1.39	7.6	7.82	19	50	37	50		15
CPV	1901136230	496000	Cape Verde	CPV	2	1	3	0.604838709677419	0	0	0	0	0	0	0	0	0	0	0	0	0	0	0	0	0	0	0	0	0	0	0	0	0	0	0	0	0	0	0	71	71	70	71		0
CYM	3208000000	56230	Cayman Islands	CAY	1	4	5	8.89205050684688	0	0	0	0	0	0	0	0	0	0	0	0	0	0	0	0	0	0	0	0	0	0	0	0	0	0	0	0	0	0	0	71	71	70	71		0
CAF	2165868600	4401000	Central African Republic	CAF	3	3	6	0.136332651670075	0	0	0	0	0	0	0	0	0	0	0	0	0	0	0	0	0	0	0	0	0	0	0	0	0	0	0	0	0	0	0	71	71	70	71		0
TCD	9485741541	11227000	Chad	CHA	2	1	3	0.026721296873608	0	0	0	0	0	0	0	0	0	0	0	0	0	0	0	0	0	0	0	0	0	0	0	0	0	0	0	0	0	0	0	71	71	70	71		0
CHL	248585000000	17113688	Chile	CHI	14	21	35	0.204514655169593	0	0	0	0	0	0	0	0	0	0	0	0	0	0	0	0	0	0	0	0	0	0	0	0	0	0	0	0	0	0	0	71	71	70	71		0
CHN	7298100000000	1338300000	China	CHN	208	163	371	0.02772173653142	31	19	14	64	0.001046103265337	0.001419711574385	0.002316371516103	0.004782186355825	0.001918307504693	0.002603417327798	0.004247680903249	0.008769405735739	0.037735849056604	0.051212938005391	0.08355795148248	0.172506738544474	0.2	0.3	0.2	0.7	0.3	0.53	0.38	1.21	4.75	7.69	14.58	27.02	2.5	1.4	63.87	1	44	57	1		145
COL	331655000000	46295000	Colombia	COL	63	46	109	0.23544659250459	0	3	1	4	0.002160060481693	0.00648018144508	0	0.008640241926774	0.003015181438543	0.009045544315629	0	0.012060725754172	0.009174311926606	0.027522935779816	0	0.036697247706422	0.4	1.3	0	1.7	0.47	1.84	0	2.31	1.15	4.13	0	5.28	4.15	3	9.41	33	35	50	46		7
COM	610114091.7	735000	Comoros	COM	2	1	3	0.408163265306122	0	0	0	0	0	0	0	0	0	0	0	0	0	0	0	0	0	0	0	0	0	0	0	0	0	0	0	0	0	0	0	71	71	70	71		0
COG	14748024198	4043000	Congo-Brazzaville	CGO	3	4	7	0.173138758347762	0	0	0	0	0	0	0	0	0	0	0	0	0	0	0	0	0	0	0	0	0	0	0	0	0	0	0	0	0	0	0	71	71	70	71		0
COK	248000000	20000	Cook Islands	COK	5	3	8	40	0	0	0	0	0	0	0	0	0	0	0	0	0	0	0	0	0	0	0	0	0	0	0	0	0	0	0	0	0	0	0	71	71	70	71		0
CRI	41006959585	4659000	Costa Rica	CRC	3	8	11	0.236102167847178	0	0	0	0	0	0	0	0	0	0	0	0	0	0	0	0	0	0	0	0	0	0	0	0	0	0	0	0	0	0	0	71	71	70	71		0
HRV	63850068202	4418000	Croatia	CRO	45	65	110	2.48981439565414	2	1	0	3	0	0.022634676324129	0.045269352648257	0.067904028972386	0	0.01566169039689	0.031323380793779	0.046985071190668	0	0.009090909090909	0.018181818181818	0.027272727272727	0	4.5	4.8	9.3	0	3.19	2.78	5.97	0	1.36	3.17	4.53	14.72	23.4	12.23	30	16	10	36		8
CUB	64100000000	11258000	Cuba	CUB	45	65	110	0.97708296322615	3	3	1	7	0.008882572392965	0.026647717178895	0.026647717178895	0.062178006750755	0.015600624024961	0.046801872074883	0.046801872074883	0.109204368174727	0.009090909090909	0.027272727272727	0.027272727272727	0.063636363636364	1.5	5.4	2.9	9.8	2.45	9.52	4.15	16.12	1.14	4.09	4.76	9.99	33.94	21	23.6	15	9	12	15		16
CYP	24689602446	1103000	Cyprus	CYP	4	9	13	1.17860380779692	0	1	0	1	0	0.090661831368994	0	0.090661831368994	0	0.040502879792704	0	0.040502879792704	0	0.076923076923077	0	0.076923076923077	0	18.2	0	18.2	0	8.24	0	8.24	0	11.55	0	11.55	16.48	36.4	23.1	53	15	6	18		2
CZE	215215000000	10520000	Czech Republic	CZE	65	68	133	1.26425855513308	1	3	1	5	0.009505703422053	0.02851711026616	0.009505703422053	0.047528517110266	0.004646516274423	0.01393954882327	0.004646516274423	0.023232581372116	0.007518796992481	0.022556390977444	0.007518796992481	0.037593984962406	1.7	5.7	1	8.4	0.73	2.84	0.41	3.98	0.95	3.39	1.31	5.65	7.64	16.1	11.66	26	28	20	39		10
COD	15642236881	65965000	Democratic Republic of Congo	COD	1	3	4	0.006063821723641	0	0	0	0	0	0	0	0	0	0	0	0	0	0	0	0	0	0	0	0	0	0	0	0	0	0	0	0	0	0	0	71	71	70	71		0
DNK	332677000000	5547000	Denmark	DEN	50	65	115	2.07319271678385	2	4	2	8	0.036055525509284	0.072111051018569	0.036055525509284	0.144222102037137	0.006011837307659	0.012023674615318	0.006011837307659	0.024047349230635	0.017391304347826	0.034782608695652	0.017391304347826	0.069565217391304	6.3	14.5	3.9	24.7	0.94	2.45	0.53	3.92	2.19	5.22	3.03	10.44	7.43	47	21.72	15	29	4	19		16
DJI	1140000000	889000	Djibouti	DJI	3	3	6	0.674915635545557	0	0	0	0	0	0	0	0	0	0	0	0	0	0	0	0	0	0	0	0	0	0	0	0	0	0	0	0	0	0	0	71	71	70	71		0
DMA	482277143.1	68000	Dominica	DMA	1	1	2	2.94117647058824	0	0	0	0	0	0	0	0	0	0	0	0	0	0	0	0	0	0	0	0	0	0	0	0	0	0	0	0	0	0	0	71	71	70	71		0
DOM	55611245616	9927000	Dominican Republic	DOM	20	15	35	0.352573788657198	1	1	0	2	0	0.010073536818777	0.010073536818777	0.020147073637554	0	0.017981974489568	0.017981974489568	0.035963948979136	0	0.028571428571429	0.028571428571429	0.057142857142857	0	2	1.1	3.1	0	3.66	1.6	5.26	0	4.29	4.99	9.28	12.12	7.3	23.55	35	22	38	16		5
TLS	1054000000	1124000	East Timor	TLS	1	1	2	0.177935943060498	0	0	0	0	0	0	0	0	0	0	0	0	0	0	0	0	0	0	0	0	0	0	0	0	0	0	0	0	0	0	0	71	71	70	71		0
ECU	67002768302	14465000	Ecuador	ECU	13	23	36	0.248876598686485	0	0	0	0	0	0	0	0	0	0	0	0	0	0	0	0	0	0	0	0	0	0	0	0	0	0	0	0	0	0	0	71	71	70	71		0
EGY	229531000000	81121000	Egypt	EGY	35	81	116	0.142996264838944	0	2	0	2	0	0.002465452842051	0	0.002465452842051	0	0.008713419973773	0	0.008713419973773	0	0.017241379310345	0	0.017241379310345	0	0.5	0	0.5	0	1.77	0	1.77	0	2.59	0	2.59	3.54	1	5.18	40	36	62	59		4
SLV	23054100000	6193000	El Salvador	ESA	5	5	10	0.161472630389149	0	0	0	0	0	0	0	0	0	0	0	0	0	0	0	0	0	0	0	0	0	0	0	0	0	0	0	0	0	0	0	71	71	70	71		0
GNQ	19789801404	700000	Equatorial Guinea	GEQ	1	1	2	0.285714285714286	0	0	0	0	0	0	0	0	0	0	0	0	0	0	0	0	0	0	0	0	0	0	0	0	0	0	0	0	0	0	0	71	71	70	71		0
ERI	2608715447	5254000	Eritrea	ERI	1	11	12	0.228397411496003	0	0	0	0	0	0	0	0	0	0	0	0	0	0	0	0	0	0	0	0	0	0	0	0	0	0	0	0	0	0	0	71	71	70	71		0
EST	22184722472	1340000	Estonia	EST	9	24	33	2.46268656716418	0	1	0	1	0	0.074626865671642	0	0.074626865671642	0	0.045076065353629	0	0.045076065353629	0	0.03030303030303	0	0.03030303030303	0	15	0	15	0	9.17	0	9.17	0	4.55	0	4.55	18.34	30	9.1	53	14	8	47		2
ETH	31708848033	82950000	Ethiopia	ETH	17	18	35	0.042194092827004	2	0	2	4	0.002411091018686	0	0.002411091018686	0.004822182037372	0.063073877610393	0	0.063073877610393	0.126147755220786	0.057142857142857	0	0.057142857142857	0.114285714285714	0.4	0	0.3	0.7	9.9	0	5.6	15.5	7.19	0	9.97	17.16	26.7	1.3	37.1	30	11	60	5		8
FJI	3812749216	860000	Fiji	FIJ	3	6	9	1.04651162790698	0	0	0	0	0	0	0	0	0	0	0	0	0	0	0	0	0	0	0	0	0	0	0	0	0	0	0	0	0	0	0	71	71	70	71		0
FIN	266071000000	5364000	Finland	FIN	28	28	56	1.04399701715138	0	0	0	0	0	0	0	0	0	0	0	0	0	0	0	0	0	0	0	0	0	0	0	0	0	0	0	0	0	0	0	71	71	70	71		0
FRA	2773030000000	64895000	France	FRA	148	187	335	0.516218506818707	8	9	9	26	0.013868556899607	0.013868556899607	0.012327606132984	0.040064719932198	0.003245547289427	0.003245547289427	0.002884930923935	0.009376025502789	0.026865671641791	0.026865671641791	0.023880597014925	0.077611940298508	2.4	2.8	1.3	6.5	0.51	0.66	0.26	1.43	3.38	4.03	4.17	11.58	2.61	11.9	23.95	5	43	26	14		51
GAB	17051616749	1505000	Gabon	GAB	2	26	28	1.86046511627907	0	0	0	0	0	0	0	0	0	0	0	0	0	0	0	0	0	0	0	0	0	0	0	0	0	0	0	0	0	0	0	71	71	70	71		0
GMB	1109306596	1729000	Gambia	GAM	1	1	2	0.115673799884326	0	0	0	0	0	0	0	0	0	0	0	0	0	0	0	0	0	0	0	0	0	0	0	0	0	0	0	0	0	0	0	71	71	70	71		0
GEO	14366566609	4452000	Georgia	GEO	6	29	35	0.786163522012578	1	1	0	2	0	0.022461814914645	0.022461814914645	0.04492362982929	0	0.069606053221759	0.069606053221759	0.139212106443518	0	0.028571428571429	0.028571428571429	0.057142857142857	0	4.5	2.4	6.9	0	14.17	6.18	20.35	0	4.29	4.99	9.28	46.88	16.2	23.55	35	5	19	16		5
DEU	3570560000000	81777000	Germany	GER	176	219	395	0.483020898296587	5	10	7	22	0.008559864020446	0.012228377172066	0.006114188586033	0.026902429778544	0.001960476787955	0.00280068112565	0.001400340562825	0.006161498476429	0.017721518987342	0.025316455696202	0.012658227848101	0.055696202531646	1.5	2.5	0.7	4.7	0.31	0.57	0.12	1	2.23	3.8	2.21	8.24	1.81	8.6	16.46	8	46	32	25		42
GHA	39199656051	24392000	Ghana	GHA	3	6	9	0.036897343391276	0	0	0	0	0	0	0	0	0	0	0	0	0	0	0	0	0	0	0	0	0	0	0	0	0	0	0	0	0	0	0	71	71	70	71		0
GRC	298734000000	11316000	Greece	GRE	39	66	105	0.927889713679746	0	0	2	2	0.017674089784376	0	0	0.017674089784376	0.0066949192258	0	0	0.0066949192258	0.019047619047619	0	0	0.019047619047619	3.1	0	0	3.1	1.05	0	0	1.05	2.4	0	0	2.4	1.05	3.1	2.4	53	57	49	67		2
GRD	816054092.2	104000	Grenada	GRN	4	6	10	9.61538461538462	1	0	0	1	0	0	0.961538461538462	0.961538461538462	0	0	1.22540896437894	1.22540896437894	0	0	0.1	0.1	0	0	103	103	0	0	108.77	108.77	0	0	17.45	17.45	326.31	309	52.35	45	1	1	2		3
GUM	2773000000	179000	Guam	GUM	3	5	8	4.46927374301676	0	0	0	0	0	0	0	0	0	0	0	0	0	0	0	0	0	0	0	0	0	0	0	0	0	0	0	0	0	0	0	71	71	70	71		0
GTM	46900000257	14389000	Guatemala	GUA	7	12	19	0.13204531239141	0	1	0	1	0	0.006949753283758	0	0.006949753283758	0	0.02132196150363	0	0.02132196150363	0	0.052631578947368	0	0.052631578947368	0	1.4	0	1.4	0	4.34	0	4.34	0	7.9	0	7.9	8.68	2.8	15.8	53	27	51	28		2
GIN	5131221608	9982000	Guinea	GUI	1	2	3	0.030054097375276	0	0	0	0	0	0	0	0	0	0	0	0	0	0	0	0	0	0	0	0	0	0	0	0	0	0	0	0	0	0	0	71	71	70	71		0
GNB	973427456.5	1515000	Guinea-Bissau	GBS	2	2	4	0.264026402640264	0	0	0	0	0	0	0	0	0	0	0	0	0	0	0	0	0	0	0	0	0	0	0	0	0	0	0	0	0	0	0	71	71	70	71		0
GUY	2260000000	755000	Guyana	GUY	2	4	6	0.794701986754967	0	0	0	0	0	0	0	0	0	0	0	0	0	0	0	0	0	0	0	0	0	0	0	0	0	0	0	0	0	0	0	71	71	70	71		0
HTI	7346156703	9993000	Haiti	HAI	2	3	5	0.050035024517162	0	0	0	0	0	0	0	0	0	0	0	0	0	0	0	0	0	0	0	0	0	0	0	0	0	0	0	0	0	0	0	71	71	70	71		0
HND	17259407972	7600000	Honduras	HON	3	28	31	0.407894736842105	0	0	0	0	0	0	0	0	0	0	0	0	0	0	0	0	0	0	0	0	0	0	0	0	0	0	0	0	0	0	0	71	71	70	71		0
HKG	243666000000	7068000	Hong Kong	HKG	20	22	42	0.594227504244482	0	0	1	1	0.014148273910583	0	0	0.014148273910583	0.004103978396658	0	0	0.004103978396658	0.023809523809524	0	0	0.023809523809524	2.5	0	0	2.5	0.64	0	0	0.64	3	0	0	3	0.64	2.5	3	61	65	53	65		1
HUN	140029000000	10000000	Hungary	HUN	63	95	158	1.58	4	1	3	8	0.03	0.01	0.04	0.08	0.021424133572331	0.007141377857444	0.028565511429775	0.05713102285955	0.018987341772152	0.006329113924051	0.025316455696202	0.050632911392405	5.2	2	4.3	11.5	3.36	1.45	2.54	7.35	2.39	0.95	4.42	7.76	13.88	22.1	17.55	14	17	11	23		17
ISL	14059073613	318000	Iceland	ISL	6	22	28	8.80503144654088	0	0	0	0	0	0	0	0	0	0	0	0	0	0	0	0	0	0	0	0	0	0	0	0	0	0	0	0	0	0	0	71	71	70	71		0
IND	1847980000000	1224615000	India	IND	23	60	83	0.006777640319611	0	1	2	3	0.000163316634207	0.000081658317104	0	0.000244974951311	0.001082262795052	0.000541131397526	0	0.001623394192578	0.024096385542169	0.012048192771084	0	0.036144578313253	0	0	0	0	0.17	0.11	0	0.28	3.03	1.81	0	4.84	0.39	0	6.65	40	67	70	55		4
IDN	846832000000	239870000	Indonesia	INA	9	13	22	0.009171634635428	0	1	1	2	0.000416892483429	0.000416892483429	0	0.000833784966857	0.001180871766773	0.001180871766773	0	0.002361743533546	0.045454545454546	0.045454545454546	0	0.090909090909091	0.1	0.1	0	0.2	0.19	0.24	0	0.43	5.72	6.82	0	12.54	0.67	0.3	19.36	45	62	68	22		3
IRN	386670000000	73973000	Iran	IRI	8	45	53	0.071647763373123	2	1	1	4	0.001351844591946	0.001351844591946	0.002703689183891	0.005407378367783	0.002586184601857	0.002586184601857	0.005172369203714	0.010344738407428	0.018867924528302	0.018867924528302	0.037735849056604	0.075471698113208	0.2	0.3	0.3	0.8	0.41	0.53	0.46	1.4	2.37	2.83	6.58	11.78	2.85	1.7	27.77	27	41	56	9		9
IRQ	115388000000	32031000	Iraq	IRQ	3	5	8	0.024975804689207	0	0	0	0	0	0	0	0	0	0	0	0	0	0	0	0	0	0	0	0	0	0	0	0	0	0	0	0	0	0	0	71	71	70	71		0
IRL	217275000000	4475000	Ireland	IRL	30	36	66	1.47486033519553	0	0	0	0	0	0	0	0	0	0	0	0	0	0	0	0	0	0	0	0	0	0	0	0	0	0	0	0	0	0	0	71	71	70	71		0
ISR	242929000000	7624000	Israel	ISR	18	20	38	0.498426023084995	0	0	0	0	0	0	0	0	0	0	0	0	0	0	0	0	0	0	0	0	0	0	0	0	0	0	0	0	0	0	0	71	71	70	71		0
ITA	2194750000000	60483000	Italy	ITA	122	159	281	0.464593356811005	7	6	4	17	0.006613428566705	0.009920142850057	0.011573499991733	0.028107071408495	0.001822531039982	0.002733796559973	0.003189429319968	0.007745756919923	0.01423487544484	0.02135231316726	0.02491103202847	0.060498220640569	1.1	2	1.2	4.3	0.29	0.56	0.28	1.13	1.79	3.21	4.35	9.35	2.25	8.7	21.26	10	45	31	20		37
CIV	24074625536	19738000	Ivory Coast	CIV	6	4	10	0.050663694396595	0	0	0	0	0	0	0	0	0	0	0	0	0	0	0	0	0	0	0	0	0	0	0	0	0	0	0	0	0	0	0	71	71	70	71		0
JAM	15069767442	2702000	Jamaica	JAM	25	25	50	1.85048112509252	2	1	1	4	0.03700962250185	0.03700962250185	0.074019245003701	0.148038490007402	0.066358024690744	0.066358024690744	0.132716049381487	0.265432098762974	0.02	0.02	0.04	0.08	6.4	7.4	7.9	21.7	10.41	13.5	11.78	35.69	2.52	3	6.98	12.5	72.75	44.9	29.46	27	2	5	7		9
JPN	5867150000000	127451000	Japan	JPN	162	141	303	0.237738424963319	2	12	14	28	0.010984613694675	0.009415383166864	0.001569230527811	0.02196922738935	0.002386167048737	0.002045286041775	0.000340881006962	0.004772334097475	0.046204620462046	0.03960396039604	0.006600660066007	0.092409240924092	1.9	1.9	0.2	4	0.37	0.42	0.03	0.82	5.82	5.94	1.15	12.91	1.3	6.3	21.15	7	52	41	21		44
JOR	28840197019	6047000	Jordan	JOR	4	5	9	0.148834132627749	0	0	0	0	0	0	0	0	0	0	0	0	0	0	0	0	0	0	0	0	0	0	0	0	0	0	0	0	0	0	0	71	71	70	71		0
KAZ	186198000000	16323000	Kazakhstan	KAZ	41	74	115	0.704527354040311	6	0	1	7	0.006126324817742	0	0.036757948906451	0.042884273724193	0.005370626966992	0	0.032223761801953	0.037594388768945	0.008695652173913	0	0.052173913043478	0.060869565217391	1.1	0	3.9	5	0.84	0	2.86	3.7	1.09	0	9.1	10.19	9.42	12.8	28.39	12	25	24	8		19
KEN	33620684016	40513000	Kenya	KEN	21	29	50	0.123417174734036	1	2	2	5	0.004936686989361	0.004936686989361	0.002468343494681	0.012341717473404	0.05948718946492	0.05948718946492	0.02974359473246	0.1487179736623	0.04	0.04	0.02	0.1	0.9	1	0.3	2.2	9.33	12.11	2.64	24.08	5.03	6	3.49	14.52	41.47	3.8	27.5	27	7	47	10		9
KIR	177960936.9	100000	Kiribati	KIR	1	2	3	3	0	0	0	0	0	0	0	0	0	0	0	0	0	0	0	0	0	0	0	0	0	0	0	0	0	0	0	0	0	0	0	71	71	70	71		0
KWT	176590000000	2736000	Kuwait	KUW	2	8	10	0.365497076023392	0	0	1	1	0.036549707602339	0	0	0.036549707602339	0.005662834815108	0	0	0.005662834815108	0.1	0	0	0.1	6.3	0	0	6.3	0.89	0	0	0.89	12.59	0	0	12.59	0.89	6.3	12.59	61	59	40	34		1
KGZ	5918610958	5448000	Kyrgyzstan	KGZ	3	11	14	0.25697503671072	0	0	0	0	0	0	0	0	0	0	0	0	0	0	0	0	0	0	0	0	0	0	0	0	0	0	0	0	0	0	0	71	71	70	71		0
LAO	8297664741	6201000	Laos	LAO	1	2	3	0.048379293662312	0	0	0	0	0	0	0	0	0	0	0	0	0	0	0	0	0	0	0	0	0	0	0	0	0	0	0	0	0	0	0	71	71	70	71		0
LVA	28252498853	2239000	Latvia	LAT	14	32	46	2.05448861098705	0	0	0	0	0	0	0	0	0	0	0	0	0	0	0	0	0	0	0	0	0	0	0	0	0	0	0	0	0	0	0	71	71	70	71		0
LBN	42185230768	4227000	Lebanon	LIB	7	3	10	0.236574402649633	0	0	0	0	0	0	0	0	0	0	0	0	0	0	0	0	0	0	0	0	0	0	0	0	0	0	0	0	0	0	0	71	71	70	71		0
LSO	2426200017	2171000	Lesotho	LES	2	2	4	0.184246890833717	0	0	0	0	0	0	0	0	0	0	0	0	0	0	0	0	0	0	0	0	0	0	0	0	0	0	0	0	0	0	0	71	71	70	71		0
LBR	1161000000	3994000	Liberia	LBR	2	2	4	0.100150225338007	0	0	0	0	0	0	0	0	0	0	0	0	0	0	0	0	0	0	0	0	0	0	0	0	0	0	0	0	0	0	0	71	71	70	71		0
LBY	71950000000	6355000	Libya	LBA	1	4	5	0.0786782061369	0	0	0	0	0	0	0	0	0	0	0	0	0	0	0	0	0	0	0	0	0	0	0	0	0	0	0	0	0	0	0	71	71	70	71		0
LIE	5145000000	36032	Liechtenstein	LIE	2	1	3	8.3259325044405	0	0	0	0	0	0	0	0	0	0	0	0	0	0	0	0	0	0	0	0	0	0	0	0	0	0	0	0	0	0	0	71	71	70	71		0
LTU	42725404055	3287000	Lithuania	LTU	23	39	62	1.88621843626407	1	0	1	2	0.030422878004259	0	0.030422878004259	0.060845756008518	0.023405278946285	0	0.023405278946285	0.04681055789257	0.016129032258064	0	0.016129032258064	0.032258064516129	5.3	0	3.3	8.6	3.67	0	2.08	5.75	2.03	0	2.81	4.84	9.91	15.2	10.46	40	24	21	43		4
LUX	59474583333	507000	Luxembourg	LUX	4	5	9	1.77514792899408	0	0	0	0	0	0	0	0	0	0	0	0	0	0	0	0	0	0	0	0	0	0	0	0	0	0	0	0	0	0	0	71	71	70	71		0
MKD	10165373218	2060000	Macedonia	MKD	2	2	4	0.194174757281553	0	0	0	0	0	0	0	0	0	0	0	0	0	0	0	0	0	0	0	0	0	0	0	0	0	0	0	0	0	0	0	71	71	70	71		0
MDG	9946995390	20714000	Madagascar	MAD	4	3	7	0.033793569566477	0	0	0	0	0	0	0	0	0	0	0	0	0	0	0	0	0	0	0	0	0	0	0	0	0	0	0	0	0	0	0	71	71	70	71		0
MWI	5700383783	14901000	Malawi	MAW	2	1	3	0.020132876988122	0	0	0	0	0	0	0	0	0	0	0	0	0	0	0	0	0	0	0	0	0	0	0	0	0	0	0	0	0	0	0	71	71	70	71		0
MYS	278671000000	28401000	Malaysia	MAS	13	17	30	0.105630083447766	0	1	0	1	0	0.003521002781592	0	0.003521002781592	0	0.003588460944985	0	0.003588460944985	0	0.033333333333333	0	0.033333333333333	0	0.7	0	0.7	0	0.73	0	0.73	0	5	0	5	1.46	1.4	10	53	48	58	45		2
MDV	2050135788	316000	Maldives	MDV	2	3	5	1.58227848101266	0	0	0	0	0	0	0	0	0	0	0	0	0	0	0	0	0	0	0	0	0	0	0	0	0	0	0	0	0	0	0	71	71	70	71		0
MLI	10589925352	15370000	Mali	MLI	2	4	6	0.039037085230969	0	0	0	0	0	0	0	0	0	0	0	0	0	0	0	0	0	0	0	0	0	0	0	0	0	0	0	0	0	0	0	71	71	70	71		0
MLT	8886572143	416000	Malta	MLT	2	3	5	1.20192307692308	0	0	0	0	0	0	0	0	0	0	0	0	0	0	0	0	0	0	0	0	0	0	0	0	0	0	0	0	0	0	0	71	71	70	71		0
MHL	173700000	54038	Marshall Islands	MHL	2	2	4	7.40219845294052	0	0	0	0	0	0	0	0	0	0	0	0	0	0	0	0	0	0	0	0	0	0	0	0	0	0	0	0	0	0	0	71	71	70	71		0
MRT	4075675053	3460000	Mauritania	MTN	1	1	2	0.057803468208092	0	0	0	0	0	0	0	0	0	0	0	0	0	0	0	0	0	0	0	0	0	0	0	0	0	0	0	0	0	0	0	71	71	70	71		0
MUS	11313454891	1281000	Mauritius	MRI	7	4	11	0.858704137392662	0	0	0	0	0	0	0	0	0	0	0	0	0	0	0	0	0	0	0	0	0	0	0	0	0	0	0	0	0	0	0	71	71	70	71		0
MEX	1155320000000	113423000	Mexico	MEX	38	68	106	0.093455471994216	0	3	2	5	0.001763310792344	0.002644966188516	0	0.004408276980859	0.001731122113354	0.002596683170031	0	0.004327805283385	0.018867924528302	0.028301886792453	0	0.047169811320755	0.3	0.5	0	0.8	0.27	0.53	0	0.8	2.37	4.25	0	6.62	1.33	1.3	10.87	30	51	59	41		8
FSM	318100000	111000	Micronesia	FSM	2	4	6	5.4054054054054	0	0	0	0	0	0	0	0	0	0	0	0	0	0	0	0	0	0	0	0	0	0	0	0	0	0	0	0	0	0	0	71	71	70	71		0
MDA	7000318677	3562000	Moldova	MDA	10	12	22	0.617630544637844	0	0	2	2	0.056148231330713	0	0	0.056148231330713	0.285701279081927	0	0	0.285701279081927	0.090909090909091	0	0	0.090909090909091	9.7	0	0	9.7	44.83	0	0	44.83	11.44	0	0	11.44	44.83	9.7	11.44	53	6	29	40		2
MCO	5424000000	35407	Monaco	MON	1	5	6	16.9458016776344	0	0	0	0	0	0	0	0	0	0	0	0	0	0	0	0	0	0	0	0	0	0	0	0	0	0	0	0	0	0	0	71	71	70	71		0
MNG	8557529910	2756000	Mongolia	MGL	13	16	29	1.0522496371553	0	1	1	2	0.036284470246734	0.036284470246734	0	0.072568940493469	0.11685615014111	0.11685615014111	0	0.23371230028222	0.03448275862069	0.03448275862069	0	0.068965517241379	6.3	7.3	0	13.6	18.33	23.78	0	42.11	4.34	5.18	0	9.52	65.89	20.9	14.7	45	3	13	31		3
MNE	4550463278	632000	Montenegro	MNE	16	18	34	5.37974683544304	0	0	0	0	0	0	0	0	0	0	0	0	0	0	0	0	0	0	0	0	0	0	0	0	0	0	0	0	0	0	0	71	71	70	71		0
MAR	100221000000	31951000	Morocco	MAR	18	54	72	0.225345059622547	0	0	0	0	0	0	0	0	0	0	0	0	0	0	0	0	0	0	0	0	0	0	0	0	0	0	0	0	0	0	0	71	71	70	71		0
MOZ	12797754231	23390000	Mozambique	MOZ	2	4	6	0.025651988029072	0	0	0	0	0	0	0	0	0	0	0	0	0	0	0	0	0	0	0	0	0	0	0	0	0	0	0	0	0	0	0	71	71	70	71		0
NAM	12300698895	2283000	Namibia	NAM	4	5	9	0.394218134034166	0	0	0	0	0	0	0	0	0	0	0	0	0	0	0	0	0	0	0	0	0	0	0	0	0	0	0	0	0	0	0	71	71	70	71		0
NRU	63000000	10372	Nauru	NRU	0	2	2	19.2826841496336	0	0	0	0	0	0	0	0	0	0	0	0	0	0	0	0	0	0	0	0	0	0	0	0	0	0	0	0	0	0	0	71	71	70	71		0
NPL	18884495628	29959000	Nepal	NEP	3	2	5	0.016689475616676	0	0	0	0	0	0	0	0	0	0	0	0	0	0	0	0	0	0	0	0	0	0	0	0	0	0	0	0	0	0	0	71	71	70	71		0
NLD	836257000000	16616000	Netherlands	NED	84	98	182	1.0953298025999	3	3	4	10	0.024073182474723	0.018054886856042	0.018054886856042	0.060182956186808	0.004783218556018	0.003587413917014	0.003587413917014	0.011958046390045	0.021978021978022	0.016483516483516	0.016483516483516	0.054945054945055	4.2	3.6	1.9	9.7	0.75	0.73	0.32	1.8	2.77	2.47	2.88	8.12	3.17	17.1	16.35	12	39	17	26		19
NZL	141406000000	4368000	New Zealand	NZL	93	103	196	4.48717948717949	3	1	4	8	0.091575091575092	0.022893772893773	0.068681318681319	0.183150183150183	0.028287342828451	0.007071835707113	0.021215507121339	0.056574685656903	0.020408163265306	0.005102040816327	0.01530612244898	0.040816326530612	15.9	4.6	7.4	27.9	4.44	1.44	1.88	7.76	2.57	0.77	2.67	6.01	12.96	47.3	12.12	19	19	3	37		15
NIC	7297481501	5789000	Nicaragua	NCA	3	3	6	0.103644843669027	0	0	0	0	0	0	0	0	0	0	0	0	0	0	0	0	0	0	0	0	0	0	0	0	0	0	0	0	0	0	0	71	71	70	71		0
NER	6016960988	15512000	Niger	NIG	2	4	6	0.038679731820526	0	0	0	0	0	0	0	0	0	0	0	0	0	0	0	0	0	0	0	0	0	0	0	0	0	0	0	0	0	0	0	71	71	70	71		0
NGA	235923000000	158423000	Nigeria	NGR	23	30	53	0.033454738264015	0	0	0	0	0	0	0	0	0	0	0	0	0	0	0	0	0	0	0	0	0	0	0	0	0	0	0	0	0	0	0	71	71	70	71		0
PRK	40000000000	24589122	North Korea	PRK	40	15	55	0.223676144272252	4	0	1	5	0.004066838986768	0	0.016267355947073	0.020334194933841	0.025	0	0.1	0.125	0.018181818181818	0	0.072727272727273	0.090909090909091	0.7	0	1.7	2.4	3.92	0	8.88	12.8	2.29	0	12.69	14.98	30.56	5.8	40.36	21	10	43	4		13
NOR	485803000000	4889000	Norway	NOR	32	33	65	1.32951523829004	0	1	1	2	0.020454080589078	0.020454080589078	0	0.040908161178155	0.002058447560019	0.002058447560019	0	0.004116895120038	0.015384615384615	0.015384615384615	0	0.030769230769231	3.6	4.1	0	7.7	0.32	0.42	0	0.74	1.94	2.31	0	4.25	1.16	11.8	6.56	45	54	27	57		3
OMN	71781535039	2783000	Oman	OMA	1	3	4	0.143729787998563	0	0	0	0	0	0	0	0	0	0	0	0	0	0	0	0	0	0	0	0	0	0	0	0	0	0	0	0	0	0	0	71	71	70	71		0
PAK	211092000000	173593000	Pakistan	PAK	2	21	23	0.013249382175549	0	0	0	0	0	0	0	0	0	0	0	0	0	0	0	0	0	0	0	0	0	0	0	0	0	0	0	0	0	0	0	71	71	70	71		0
PLW	179912815.9	20472	Palau	PLW	3	2	5	24.4236029699101	0	0	0	0	0	0	0	0	0	0	0	0	0	0	0	0	0	0	0	0	0	0	0	0	0	0	0	0	0	0	0	71	71	70	71		0
PSE	4000000000	4152000	Palestine	PLE	2	3	5	0.120423892100193	0	0	0	0	0	0	0	0	0	0	0	0	0	0	0	0	0	0	0	0	0	0	0	0	0	0	0	0	0	0	0	71	71	70	71		0
PAN	30676800000	3517000	Panama	PAN	2	6	8	0.22746659084447	0	0	0	0	0	0	0	0	0	0	0	0	0	0	0	0	0	0	0	0	0	0	0	0	0	0	0	0	0	0	0	71	71	70	71		0
PNG	12937183216	6858000	Papua New Guinea	PNG	4	4	8	0.116652085156022	0	0	0	0	0	0	0	0	0	0	0	0	0	0	0	0	0	0	0	0	0	0	0	0	0	0	0	0	0	0	0	71	71	70	71		0
PRY	23877089240	6454000	Paraguay	PAR	4	4	8	0.123954136969321	0	0	0	0	0	0	0	0	0	0	0	0	0	0	0	0	0	0	0	0	0	0	0	0	0	0	0	0	0	0	0	71	71	70	71		0
PER	176662000000	29076000	Peru	PER	7	9	16	0.055028201953501	0	0	0	0	0	0	0	0	0	0	0	0	0	0	0	0	0	0	0	0	0	0	0	0	0	0	0	0	0	0	0	71	71	70	71		0
PHL	224754000000	93261000	Philippines	PHI	4	7	11	0.011794855298571	0	0	0	0	0	0	0	0	0	0	0	0	0	0	0	0	0	0	0	0	0	0	0	0	0	0	0	0	0	0	0	71	71	70	71		0
POL	514496000000	38184000	Poland	POL	87	130	217	0.568300858998534	2	1	3	6	0.007856693903206	0.002618897967735	0.00523779593547	0.015713387806411	0.005830949123025	0.001943649707675	0.00388729941535	0.01166189824605	0.013824884792627	0.004608294930876	0.009216589861751	0.027649769585254	1.4	0.5	0.6	2.5	0.91	0.4	0.35	1.66	1.74	0.69	1.61	4.04	2.76	4.2	7.95	23	42	46	49		11
PRT	237522000000	10638000	Portugal	POR	34	46	80	0.752021056589584	0	0	0	0	0	0	0	0	0	0	0	0	0	0	0	0	0	0	0	0	0	0	0	0	0	0	0	0	0	0	0	71	71	70	71		0
PRI	99202000000	3978000	Puerto Rico	PUR	6	19	25	0.628456510809452	0	0	1	1	0.025138260432378	0	0	0.025138260432378	0.010080441926574	0	0	0.010080441926574	0.04	0	0	0.04	4.4	0	0	4.4	1.58	0	0	1.58	5.03	0	0	5.03	1.58	4.4	5.03	61	47	45	61		1
QAT	172982000000	1759000	Qatar	QAT	4	8	12	0.68220579874929	0	0	1	1	0.056850483229107	0	0	0.056850483229107	0.00578094830676	0	0	0.00578094830676	0.083333333333333	0	0	0.083333333333333	9.9	0	0	9.9	0.91	0	0	0.91	10.49	0	0	10.49	0.91	9.9	10.49	61	58	28	42		1
ROU	179794000000	21438000	Romania	ROU	49	54	103	0.480455266349473	2	4	2	8	0.009329228472805	0.018658456945611	0.009329228472805	0.037316913891221	0.01112384172998	0.02224768345996	0.01112384172998	0.04449536691992	0.019417475728155	0.038834951456311	0.019417475728155	0.077669902912621	1.6	3.7	1	6.3	1.75	4.53	0.99	7.27	2.44	5.83	3.39	11.66	13.78	12	24.27	15	18	25	13		16
RUS	1857770000000	141750000	Russia	RUS	227	208	435	0.306878306878307	7	17	18	42	0.012698412698413	0.011992945326279	0.004938271604938	0.02962962962963	0.009689035779456	0.009150756013931	0.003767958358677	0.022607750152064	0.041379310344828	0.039080459770115	0.016091954022988	0.096551724137931	2.2	2.4	0.5	5.1	1.52	1.86	0.33	3.71	5.21	5.87	2.81	13.89	6.23	8.5	25.38	4	31	34	12		73
RWA	6377408665	10624000	Rwanda	RWA	2	5	7	0.065888554216868	0	0	0	0	0	0	0	0	0	0	0	0	0	0	0	0	0	0	0	0	0	0	0	0	0	0	0	0	0	0	0	71	71	70	71		0
KNA	708955238.4	52000	Saint Kitts and Nevis	SKN	1	6	7	13.4615384615385	0	0	0	0	0	0	0	0	0	0	0	0	0	0	0	0	0	0	0	0	0	0	0	0	0	0	0	0	0	0	0	71	71	70	71		0
LCA	1232180089	174000	Saint Lucia	LCA	3	1	4	2.29885057471264	0	0	0	0	0	0	0	0	0	0	0	0	0	0	0	0	0	0	0	0	0	0	0	0	0	0	0	0	0	0	0	71	71	70	71		0
VCT	687993692.7	109000	Saint Vincent and the Grenadines	VIN	1	2	3	2.75229357798165	0	0	0	0	0	0	0	0	0	0	0	0	0	0	0	0	0	0	0	0	0	0	0	0	0	0	0	0	0	0	0	71	71	70	71		0
WSM	649414531.1	184000	Samoa	SAM	3	5	8	4.34782608695652	0	0	0	0	0	0	0	0	0	0	0	0	0	0	0	0	0	0	0	0	0	0	0	0	0	0	0	0	0	0	0	71	71	70	71		0
SMR	1487000000	31534	San Marino	SMR	3	1	4	12.6847212532505	0	0	0	0	0	0	0	0	0	0	0	0	0	0	0	0	0	0	0	0	0	0	0	0	0	0	0	0	0	0	0	71	71	70	71		0
STP	248286777.5	165000	Sao Tome and Principe	STP	1	1	2	1.21212121212121	0	0	0	0	0	0	0	0	0	0	0	0	0	0	0	0	0	0	0	0	0	0	0	0	0	0	0	0	0	0	0	71	71	70	71		0
SAU	576824000000	27448000	Saudi Arabia	KSA	2	17	19	0.069221801224133	0	0	1	1	0.003643252696007	0	0	0.003643252696007	0.001733631055573	0	0	0.001733631055573	0.052631578947368	0	0	0.052631578947368	0.6	0	0	0.6	0.27	0	0	0.27	6.62	0	0	6.62	0.27	0.6	6.62	61	69	64	56		1
SEN	14291456855	12434000	Senegal	SEN	7	28	35	0.281486247386199	0	0	0	0	0	0	0	0	0	0	0	0	0	0	0	0	0	0	0	0	0	0	0	0	0	0	0	0	0	0	0	71	71	70	71		0
SRB	45043430299	7291000	Serbia	SRB	36	80	116	1.59100260595254	0	1	1	2	0.013715539706487	0.013715539706487	0	0.027431079412975	0.02220079583997	0.02220079583997	0	0.044401591679939	0.008620689655172	0.008620689655172	0	0.017241379310345	2.4	2.8	0	5.2	3.48	4.52	0	8	1.09	1.29	0	2.38	12.52	8	3.67	45	20	36	64		3
SYC	1007186292	87000	Seychelles	SEY	2	4	6	6.89655172413793	0	0	0	0	0	0	0	0	0	0	0	0	0	0	0	0	0	0	0	0	0	0	0	0	0	0	0	0	0	0	0	71	71	70	71		0
SLE	2242960927	5867000	Sierra Leone	SLE	1	1	2	0.034088972217488	0	0	0	0	0	0	0	0	0	0	0	0	0	0	0	0	0	0	0	0	0	0	0	0	0	0	0	0	0	0	0	71	71	70	71		0
SGP	239700000000	5077000	Singapore	SIN	15	8	23	0.453023439038802	0	0	1	1	0.019696671262557	0	0	0.019696671262557	0.004171881518565	0	0	0.004171881518565	0.043478260869565	0	0	0.043478260869565	3.4	0	0	3.4	0.65	0	0	0.65	5.47	0	0	5.47	0.65	3.4	5.47	61	63	48	58		1
SVK	95994147901	5430000	Slovakia	SVK	20	26	46	0.847145488029466	0	1	3	4	0.05524861878453	0.01841620626151	0	0.07366482504604	0.031251905096277	0.010417301698759	0	0.041669206795036	0.065217391304348	0.021739130434783	0	0.08695652173913	9.6	3.7	0	13.3	4.9	2.12	0	7.02	8.21	3.26	0	11.47	9.14	17	14.73	35	26	18	30		5
SVN	49539271105	2049000	Slovenia	SLO	40	28	68	3.31869204489995	1	1	2	4	0.097608589555881	0.04880429477794	0.04880429477794	0.195217179111762	0.040372011040714	0.020186005520357	0.020186005520357	0.080744022081429	0.029411764705882	0.014705882352941	0.014705882352941	0.058823529411765	16.9	9.8	5.2	31.9	6.33	4.11	1.79	12.23	3.7	2.21	2.57	8.48	19.92	52.1	15.83	33	13	2	27		7
SLB	838022104.9	538000	Solomon Islands	SOL	2	2	4	0.743494423791822	0	0	0	0	0	0	0	0	0	0	0	0	0	0	0	0	0	0	0	0	0	0	0	0	0	0	0	0	0	0	0	71	71	70	71		0
SOM	1071000000	9331000	Somalia	SOM	1	1	2	0.021433929911049	0	0	0	0	0	0	0	0	0	0	0	0	0	0	0	0	0	0	0	0	0	0	0	0	0	0	0	0	0	0	0	71	71	70	71		0
ZAF	408237000000	49991000	South Africa	RSA	64	69	133	0.266047888619952	3	1	0	4	0	0.002000360064812	0.006001080194435	0.008001440259247	0	0.00244955748744	0.00734867246232	0.00979822994976	0	0.007518796992481	0.022556390977444	0.030075187969925	0	0.4	0.6	1	0	0.5	0.65	1.15	0	1.13	3.94	5.07	2.95	2.6	14.08	23	40	52	32		11
KOR	1116250000000	48875000	South Korea	KOR	114	141	255	0.521739130434783	11	5	6	22	0.01227621483376	0.010230179028133	0.022506393861893	0.045012787723785	0.005375139977604	0.00447928331467	0.009854423292273	0.019708846584546	0.023529411764706	0.019607843137255	0.043137254901961	0.086274509803922	2.1	2.1	2.4	6.6	0.84	0.91	0.87	2.62	2.96	2.94	7.53	13.43	5.27	13.5	31.43	6	32	22	6		49
ESP	1490810000000	46071000	Spain	ESP	114	175	289	0.627292656985956	0	2	1	3	0.002170562826941	0.004341125653882	0	0.006511688480823	0.0006707762894	0.001341552578799	0	0.002012328868199	0.003460207612457	0.006920415224914	0	0.01038062283737	0.4	0.9	0	1.3	0.11	0.27	0	0.38	0.44	1.04	0	1.48	0.65	2.2	2.52	35	63	54	66		5
LKA	59172135299	20860000	Sri Lanka	SRI	3	4	7	0.033557046979866	0	0	0	0	0	0	0	0	0	0	0	0	0	0	0	0	0	0	0	0	0	0	0	0	0	0	0	0	0	0	0	71	71	70	71		0
SDN	55097394769	43552000	Sudan	SUD	2	4	6	0.013776634827333	0	0	0	0	0	0	0	0	0	0	0	0	0	0	0	0	0	0	0	0	0	0	0	0	0	0	0	0	0	0	0	71	71	70	71		0
SUR	3790000000	525000	Surinam	SUR	2	3	5	0.952380952380952	0	0	0	0	0	0	0	0	0	0	0	0	0	0	0	0	0	0	0	0	0	0	0	0	0	0	0	0	0	0	0	71	71	70	71		0
SWZ	3977754360	1056000	Swaziland	SWZ	1	2	3	0.284090909090909	0	0	0	0	0	0	0	0	0	0	0	0	0	0	0	0	0	0	0	0	0	0	0	0	0	0	0	0	0	0	0	71	71	70	71		0
SWE	538131000000	9378000	Sweden	SWE	84	56	140	1.49285561953508	1	3	2	6	0.021326508850501	0.031989763275752	0.010663254425251	0.063979526551504	0.003716567155581	0.005574850733372	0.001858283577791	0.011149701466743	0.014285714285714	0.021428571428571	0.007142857142857	0.042857142857143	3.7	6.4	1.1	11.2	0.58	1.13	0.16	1.87	1.8	3.22	1.25	6.27	3.32	19.8	11.99	23	38	14	38		11
CHE	635650000000	7826000	Switzerland	SUI	30	76	106	1.35445949399438	1	1	0	2	0	0.012777919754664	0.012777919754664	0.025555839509328	0	0.001573192794777	0.001573192794777	0.003146385589554	0	0.009433962264151	0.009433962264151	0.018867924528302	0	2.6	1.4	4	0	0.32	0.14	0.46	0	1.42	1.65	3.07	1.06	9.4	7.79	35	56	30	51		5
SYR	59834000000	20447000	Syria	SYR	4	6	10	0.048906930111997	0	0	0	0	0	0	0	0	0	0	0	0	0	0	0	0	0	0	0	0	0	0	0	0	0	0	0	0	0	0	0	71	71	70	71		0
TWN	876,035,000,000	23174528	Taiwan	TPE	25	19	44	0.189863629585034	0	1	0	1	0	0.004315082490569	0	0.004315082490569	0	0.001141506903263	0	0.001141506903263	0	0.022727272727273	0	0.022727272727273	0	0.9	0	0.9	0	0.23	0	0.23	0	3.41	0	3.41	0.46	1.8	6.82	53	66	55	54		2
TJK	6522200291	6879000	Tajikistan	TJK	3	13	16	0.232591946503852	0	0	0	0	0	0	0	0	0	0	0	0	0	0	0	0	0	0	0	0	0	0	0	0	0	0	0	0	0	0	0	71	71	70	71		0
TZA	23705302063	44841000	Tanzania	TAN	2	5	7	0.015610713409603	0	0	0	0	0	0	0	0	0	0	0	0	0	0	0	0	0	0	0	0	0	0	0	0	0	0	0	0	0	0	0	71	71	70	71		0
THA	345649000000	69122000	Thailand	THA	18	19	37	0.053528543734267	0	1	0	1	0	0.001446717398223	0	0.001446717398223	0	0.002893108326655	0	0.002893108326655	0	0.027027027027027	0	0.027027027027027	0	0.3	0	0.3	0	0.59	0	0.59	0	4.06	0	4.06	1.18	0.6	8.12	53	53	64	48		2
TGO	3594513925	6028000	Togo	TOG	2	4	6	0.099535500995355	0	0	0	0	0	0	0	0	0	0	0	0	0	0	0	0	0	0	0	0	0	0	0	0	0	0	0	0	0	0	0	71	71	70	71		0
TON	435589199.6	104000	Tonga	TGA	1	2	3	2.88461538461538	0	0	0	0	0	0	0	0	0	0	0	0	0	0	0	0	0	0	0	0	0	0	0	0	0	0	0	0	0	0	0	71	71	70	71		0
TTO	22483115868	1341000	Trinidad and Tobago	TRI	10	21	31	2.3117076808352	0	0	1	1	0.074571215510813	0	0	0.074571215510813	0.044477820862156	0	0	0.044477820862156	0.032258064516129	0	0	0.032258064516129	12.9	0	0	12.9	6.98	0	0	6.98	4.06	0	0	4.06	6.98	12.9	4.06	61	30	23	63		1
TUN	45863804800	10549000	Tunisia	TUN	20	64	84	0.79628400796284	0	1	1	2	0.009479571523367	0.009479571523367	0	0.018959143046734	0.021803686029991	0.021803686029991	0	0.043607372059982	0.011904761904762	0.011904761904762	0	0.023809523809524	1.6	1.9	0	3.5	3.42	4.44	0	7.86	1.5	1.79	0	3.29	12.3	5.4	5.08	45	21	44	60		3
TUR	773091000000	72752000	Turkey	TUR	66	48	114	0.156696723114141	0	0	1	1	0.001374532658896	0	0	0.001374532658896	0.001293508784865	0	0	0.001293508784865	0.008771929824561	0	0	0.008771929824561	0.2	0	0	0.2	0.2	0	0	0.2	1.1	0	0	1.1	0.2	0.2	1.1	61	70	69	69		1
TKM	24107017544	5042000	Turkmenistan	TKM	3	7	10	0.198333994446648	0	0	0	0	0	0	0	0	0	0	0	0	0	0	0	0	0	0	0	0	0	0	0	0	0	0	0	0	0	0	0	71	71	70	71		0
TUV	35784426.83	9827	Tuvalu	TUV	1	2	3	30.5281367660527	0	0	0	0	0	0	0	0	0	0	0	0	0	0	0	0	0	0	0	0	0	0	0	0	0	0	0	0	0	0	0	71	71	70	71		0
UGA	16809623489	33424000	Uganda	UGA	5	11	16	0.047869794159885	0	0	0	0	0	0	0	0	0	0	0	0	0	0	0	0	0	0	0	0	0	0	0	0	0	0	0	0	0	0	0	71	71	70	71		0
GBR	2431590000000	62232000	UK	GBR	269	287	556	0.893431032266358	18	11	11	40	0.017675793803831	0.017675793803831	0.02892402622445	0.064275613832112	0.004523788961132	0.004523788961132	0.00740256375458	0.016450141676845	0.01978417266187	0.01978417266187	0.032374100719424	0.071942446043166	3.1	3.5	3.1	9.7	0.71	0.92	0.66	2.29	2.49	2.97	5.65	11.11	4.53	19.4	25.38	3	34	15	11		87
UKR	165245000000	45871000	Ukraine	UKR	115	121	236	0.514486276732576	0	6	9	15	0.01962023936692	0.013080159577947	0	0.032700398944867	0.054464582892069	0.036309721928046	0	0.090774304820116	0.038135593220339	0.025423728813559	0	0.063559322033898	3.4	2.6	0	6	8.55	7.39	0	15.94	4.8	3.82	0	8.62	23.33	8.6	12.44	11	12	32	35		21
ARE	360245000000	7512000	United Arab Emirates	UAE	2	28	30	0.399361022364217	0	0	0	0	0	0	0	0	0	0	0	0	0	0	0	0	0	0	0	0	0	0	0	0	0	0	0	0	0	0	0	71	71	70	71		0
URY	46709797684	3357000	Uruguay	URU	3	30	33	0.98302055406613	0	0	0	0	0	0	0	0	0	0	0	0	0	0	0	0	0	0	0	0	0	0	0	0	0	0	0	0	0	0	0	71	71	70	71		0
USA	15094000000000	309349000	US	USA	271	260	531	0.171650789238045	29	15	19	63	0.006141930311719	0.004848892351357	0.009374525212624	0.0203653478757	0.001258778322512	0.000993772359878	0.001921293229098	0.004173843911488	0.03578154425612	0.028248587570622	0.054613935969868	0.11864406779661	1.1	1	1	3.1	0.2	0.2	0.17	0.57	4.5	4.24	9.53	18.27	1.11	6.1	41.57	2	55	42	3		136
UZB	45359432355	28228000	Uzbekistan	UZB	18	36	54	0.191299419016579	0	0	1	1	0.00354258183364	0	0	0.00354258183364	0.022046131269316	0	0	0.022046131269316	0.018518518518518	0	0	0.018518518518518	0.6	0	0	0.6	3.46	0	0	3.46	2.33	0	0	2.33	3.46	0.6	2.33	61	37	64	68		1
VUT	819227088.4	240000	Vanuatu	VAN	2	3	5	2.08333333333333	0	0	0	0	0	0	0	0	0	0	0	0	0	0	0	0	0	0	0	0	0	0	0	0	0	0	0	0	0	0	0	71	71	70	71		0
VEN	316482000000	28834000	Venezuela	VEN	27	42	69	0.239300825414441	1	0	0	1	0	0	0.003468127904557	0.003468127904557	0	0	0.00315973736263	0.00315973736263	0	0	0.014492753623188	0.014492753623188	0	0	0.4	0.4	0	0	0.28	0.28	0	0	2.53	2.53	0.84	1.2	7.59	45	60	61	52		3
VNM	123961000000	86928000	Vietnam	VIE	12	6	18	0.02070679182772	0	0	0	0	0	0	0	0	0	0	0	0	0	0	0	0	0	0	0	0	0	0	0	0	0	0	0	0	0	0	0	71	71	70	71		0
VIR	1577000000	110000	Virgin Islands	ISV	3	4	7	6.36363636363636	0	0	0	0	0	0	0	0	0	0	0	0	0	0	0	0	0	0	0	0	0	0	0	0	0	0	0	0	0	0	0	71	71	70	71		0
YEM	33757503322	24053000	Yemen	YEM	1	3	4	0.016629942210951	0	0	0	0	0	0	0	0	0	0	0	0	0	0	0	0	0	0	0	0	0	0	0	0	0	0	0	0	0	0	0	71	71	70	71		0
ZMB	19206011889	12927000	Zambia	ZAM	2	5	7	0.054150228204533	0	0	0	0	0	0	0	0	0	0	0	0	0	0	0	0	0	0	0	0	0	0	0	0	0	0	0	0	0	0	0	71	71	70	71		0
ZWE	9900000000	12571000	Zimbabwe	ZIM	3	4	7	0.055683716490335	0	0	0	0	0	0	0	0	0	0	0	0	0	0	0	0	0	0	0	0	0	0	0	0	0	0	0	0	0	0	0	71	71	70	71		0